metric,value
vendor_name,100.0
government_identifier,9.38069399114991
record_date,99.98531659425079
value,4.826168498755248
notes,99.96662862329723
